user_username,user_display_name,user_profile_url,text,hashtags,mentions,has_image,has_video,timestamp,tweet_url,tweet_id,views,is_retweet,extracted_at
"V. Ramgopal Rao, Ph.D.","V. Ramgopal Rao, Ph.D.",https://twitter.com/ramgopal_rao,"The Future is Here—And It Drives Itself 

Last week, we took a @Waymo driverless #Uber in San Francisco, a seamless ride powered by a confluence of technologies.

 The car? A Jaguar, owned by Tata
 The self-driving tech? Google’s Waymo
 The destination? OpenAI

A British",#Uber,@Waymo,True,False,2025-02-14T02:06:17.000Z,https://twitter.com/ramgopal_rao/status/1890220992414290051,1890220992414290051,1600.0,False,2025-02-26T20:54:05.598701
FP Markets,FP Markets,https://twitter.com/FP_markets,"#UberTechnologies, Inc. (#UBER)  is scheduled to report earnings on 8 February. The consensus #EPS estimate is $0.15 for the fiscal quarter. The reported EPS for the same quarter a year prior was $0.29.

#FPMarkets#Earnings","#Uber,#UBER,#EPS,#FPMarkets,#Earnings",,True,False,2024-02-07T08:18:54.000Z,https://twitter.com/FP_markets/status/1755144090339946770,1755144090339946770,289.0,False,2025-02-26T20:54:05.609020
FP Markets,FP Markets,https://twitter.com/FP_markets,"#UberTechnologies, Inc. (ticker: #UBER) is scheduled to report #earnings before the market opens on 6 August. The consensus #EPS estimate for the fiscal quarter ending June 2024 is $0.31. The reported EPS for the same quarter a year prior was $0.18. 

#FPMarkets#Earnings","#Uber,#UBER,#earnings,#EPS,#FPMarkets,#Earnings",,True,False,2024-08-06T08:01:41.000Z,https://twitter.com/FP_markets/status/1820731959800148216,1820731959800148216,191.0,False,2025-02-26T20:54:05.609020
Stock Market Genius,Stock Market Genius,https://twitter.com/stockmktgenius,"A hot topic, #UBER's stock soaring, up 174%! In the thriving tech sector, keep eyes peeled! #StockMarket 

Heating Up: UberTechnologies
Symbol: $UBER
Price: 69.31
Volume: 20,545,160
% Up: 174%","#UBER,#StockMarket",,True,False,2024-04-26T12:02:27.000Z,https://twitter.com/stockmktgenius/status/1783828987464036512,1783828987464036512,137.0,False,2025-02-26T20:54:11.152044
Cooley LLP,Cooley LLP,https://twitter.com/CooleyLLP,"Cooley advised UberTechnologies on its $4 billion investment-grade bond offering. Congratulations to #Uber and to the Cooley team!

 Read more here: https://#capitalmarkets#tech","#Uber,#capitalmarkets,#tech",,True,False,2024-09-12T14:12:31.000Z,https://twitter.com/CooleyLLP/status/1834233636436025363,1834233636436025363,211.0,False,2025-02-26T20:54:17.217578
eduwallstreet,eduwallstreet,https://twitter.com/eduWallStreet,"#TechnologyUberTechnologies, Inc.  PARTNERS WITH ALPHABET'S WAYMO TO OFFER #DRIVERLESS RIDES 

#MountainView, CA @Waymo#Waymo$GOOG$GOOGL#SanFrancisco, CA @Uber#Uber$UBER","#Technology,#DRIVERLESS,#MountainView,#Waymo,#SanFrancisco,#Uber","@Waymo,@Uber",True,False,2023-05-23T17:48:37.000Z,https://twitter.com/eduWallStreet/status/1661066617755783168,1661066617755783168,218.0,False,2025-02-26T20:54:19.422432
Tax Notes,Tax Notes,https://twitter.com/TaxNotes,#UberTechnologies Inc. paid £386 million in #VAT to the United Kingdom so that it can file a court challenge against an assessment made after a change to its business model. https://,"#Uber,#VAT",,True,False,2023-08-03T15:30:07.000Z,https://twitter.com/TaxNotes/status/1687123689194561536,1687123689194561536,538.0,False,2025-02-26T20:54:23.260525
Cybernews,Cybernews,https://twitter.com/CyberNews,"#UberTechnologies has disclosed another #breach.
#cybersecurity#infosec#databreach","#Uber,#breach,#cybersecurity,#infosec,#databreach",,False,False,2023-04-05T11:51:05.000Z,https://twitter.com/CyberNews/status/1643582022214987779,1643582022214987779,1100.0,False,2025-02-26T20:54:25.519422
Cheat Code TV,Cheat Code TV,https://twitter.com/cheatcode_tv,#NVIDIA and #UberTechnologies have partnered to hasten the creation of artificial intelligence-powered autonomous cars. $NVDA$UBER,"#NVIDIA,#Uber",,True,False,2025-01-07T11:05:47.000Z,https://twitter.com/cheatcode_tv/status/1876586023142215776,1876586023142215776,102.0,False,2025-02-26T20:54:28.658356
ETF Events,ETF Events,https://twitter.com/ETFEvent,"UberTechnologies Inc. announced its Q4 2024 earnings, revealing strong financial performance with an EPS of $3.21, significantly surpassing the expected $0.48, and revenue of $11.96 billion, which was above the anticipated $11.8 billion. #Uber$UBER#Rideshare#Lyft$LYFT","#Uber,#Rideshare,#Lyft",,True,False,2025-02-05T13:14:53.000Z,https://twitter.com/ETFEvent/status/1887127756875477465,1887127756875477465,1800.0,False,2025-02-26T20:54:28.664470
MarketsBlock,MarketsBlock,https://twitter.com/MarketsBlock,Wells Fargo maintains #UberTechnologies$UBER at Overweight and lowers the price target from $90 to,#Uber,,False,False,2025-02-06T17:45:49.000Z,https://twitter.com/MarketsBlock/status/1887558329917944065,1887558329917944065,222.0,False,2025-02-26T20:54:33.058211
MarketsBlock,MarketsBlock,https://twitter.com/MarketsBlock,Cantor Fitzgerald maintains #UberTechnologies$UBER at Overweight and raises the price target from $75 to,#Uber,,False,False,2025-01-28T16:49:24.000Z,https://twitter.com/MarketsBlock/status/1884282639206776917,1884282639206776917,233.0,False,2025-02-26T20:54:33.058211
Traders Community,Traders Community,https://twitter.com/TradersCom,"Domino's Pizza Soars Pre-Market: $385.90 +36.11 (+10.32%) 
After striking global delivery deal with UberTechnologies$UBER Pre-Market: $44.98 +0.62 (+1.40%)
#UberEats will be the exclusive third-party platform for Domino's in the U.S. until at least 2024.
https://-weekly-inflation-disinflation-or-deflation/…",#UberEats,,True,False,2023-07-12T12:10:34.000Z,https://twitter.com/TradersCom/status/1679100936357117954,1679100936357117954,321.0,False,2025-02-26T20:54:38.445194
ABBO News,ABBO News,https://twitter.com/ABBONews,"JUST IN: Shares of UberTechnologies$UBER jumped to a three-month high on Friday after billionaire hedge fund manager Bill Ackman announced that he had taken a stake worth about $2.3 billion in the ride-sharing platform.

#Uber#NYSE#StockMarket#Finance#trading#AI","#Uber,#NYSE,#StockMarket,#Finance,#trading,#AI",,True,False,2025-02-07T20:37:30.000Z,https://twitter.com/ABBONews/status/1887963922969383180,1887963922969383180,162.0,False,2025-02-26T20:54:40.260819
CWEB,CWEB,https://twitter.com/cweb,UberTechnologies Inc. Hits Milestone with Uber Eats and Sets Ambitious 2024 Targets https://ies-inc-hits-milestone-with-uber-eats-and-sets-ambitious-2024-targets/…#Uber#uberdriver#webfans,"#Uber,#uberdriver,#webfans",,True,False,2024-04-13T19:01:50.000Z,https://twitter.com/cweb/status/1779223486344699964,1779223486344699964,56.0,False,2025-02-26T20:54:43.098807
David Welch,David Welch,https://twitter.com/DavidWelch47,Uber considered offloading its Freight unit with a spin-off. https://2023-03-08/uber-technologies-is-said-to-consider-spinning-off-freight-logistics-division#xj4y7vzkg…. #uber#Deals@Katie_Roof@EdLudlow,"#uber,#Deals","@Katie_Roof,@EdLudlow",False,False,2023-03-08T21:29:39.000Z,https://twitter.com/DavidWelch47/status/1633580763982573570,1633580763982573570,37000.0,False,2025-02-26T20:54:47.238310
Cybernews,Cybernews,https://twitter.com/CyberNews,"Uber and UberTechnologies were found to be jointly responsible.

#Uber#EU#privacy#datasecurity#cybersecurity#infosec","#Uber,#EU,#privacy,#datasecurity,#cybersecurity,#infosec",,False,False,2024-08-26T12:40:00.000Z,https://twitter.com/CyberNews/status/1828049757186498795,1828049757186498795,677.0,False,2025-02-26T20:54:50.704834
MarketsBlock,MarketsBlock,https://twitter.com/MarketsBlock,UBS maintains #UberTechnologies$UBER at Buy and lowers the price target from $114 to,#Uber,,False,False,2025-02-03T20:43:16.000Z,https://twitter.com/MarketsBlock/status/1886515821800730823,1886515821800730823,523.0,False,2025-02-26T20:54:50.717138
TalkMarkets,TalkMarkets,https://twitter.com/TalkMarkets,#UberTechnologies: Chart Of The Week $UBERhttps://--equities/uber-technologies-inc-chart-of-the-week?post=403824…,#Uber,,False,False,2023-07-18T21:16:02.000Z,https://twitter.com/TalkMarkets/status/1681412536346787861,1681412536346787861,115.0,False,2025-02-26T20:54:54.152878
FP Markets,FP Markets,https://twitter.com/FP_markets,"#UberTechnologies Inc. (ticker: #UBER) is scheduled to report #earnings before the market opens on 5 February. The consensus #EPS estimate for the fiscal quarter ending December 2024 is US$0.50. The reported EPS for the same quarter a year prior was US$0.66.

#FPMarkets","#Uber,#UBER,#earnings,#EPS,#FPMarkets",,True,False,2025-02-05T09:00:23.000Z,https://twitter.com/FP_markets/status/1887063711841468572,1887063711841468572,110.0,False,2025-02-26T20:54:59.369999
shoreline666,shoreline666,https://twitter.com/shoreline666,"#JUPUARY made the bar high for 2024

being #early & a 'pioneer'/user of new technologies has its perks 

who doesn't enjoyed those free coupon #uber rides back  in 2012? 

in crypto is $WEN you make enough from #airdrpos to go to #Jupiter","#JUPUARY,#early,#uber,#airdrpos,#Jupiter",,True,False,2024-02-01T02:32:17.000Z,https://twitter.com/shoreline666/status/1752882533090337263,1752882533090337263,224.0,False,2025-02-26T20:54:59.370389
MarketsBlock,MarketsBlock,https://twitter.com/MarketsBlock,Goldman Sachs maintains #UberTechnologies$UBER at Buy and maintains a price target of,#Uber,,False,False,2025-01-02T21:30:36.000Z,https://twitter.com/MarketsBlock/status/1874931322847887744,1874931322847887744,64.0,False,2025-02-26T20:55:01.570733
Startup Pakistan,Startup Pakistan,https://twitter.com/PakStartup,"UberTechnologies is set to acquire Foodpanda's Taiwan business, owned by Delivery Hero, for $950 million in cash, as part of Foodpanda's strategic shift towards other markets. 

#Uber#Foodpanda#Business#Monopoly#Deliveryservice","#Uber,#Foodpanda,#Business,#Monopoly,#Deliveryservice",,True,False,2024-05-15T16:48:29.000Z,https://twitter.com/PakStartup/status/1790786340906233982,1790786340906233982,1700.0,False,2025-02-26T20:55:04.031987
MarketsBlock,MarketsBlock,https://twitter.com/MarketsBlock,Cantor Fitzgerald reiterates #UberTechnologies$UBER at Overweight and maintains a price target of,#Uber,,False,False,2024-12-18T19:56:02.000Z,https://twitter.com/MarketsBlock/status/1869471707066708254,1869471707066708254,341.0,False,2025-02-26T20:55:10.607159
International Business Magazine,International Business Magazine,https://twitter.com/ibmag_magazine,"WeRide and UberTechnologies, Inc. the world’s largest mobility and delivery technology platform, recently announced a strategic partnership to bring WeRide’s autonomous vehicles onto the Uber platform, beginning in UAE.
https://#AutonomousVehicles#intlbm#Uber","#AutonomousVehicles,#intlbm,#Uber",,False,False,2024-09-26T09:31:43.000Z,https://twitter.com/ibmag_magazine/status/1839236398991241506,1839236398991241506,21.0,False,2025-02-26T20:55:12.363609
ETF Enterprises,ETF Enterprises,https://twitter.com/ETFEnterprises,"#UberTechnologies has opened an interest list for its customers in Austin, Texas, to experience rides in Waymo's autonomous vehicles. This initiative follows Uber's strong Q4 earnings report, which exceeded revenue and EPS expectations. $UBER#Waymo#autonomous#selfdriving","#Uber,#Waymo,#autonomous,#selfdriving",,True,False,2025-02-05T13:22:16.000Z,https://twitter.com/ETFEnterprises/status/1887129617602945233,1887129617602945233,2800.0,False,2025-02-26T20:55:15.847416
MarketsBlock,MarketsBlock,https://twitter.com/MarketsBlock,Needham reiterates #UberTechnologies$UBER at Buy and maintains the price target at,#Uber,,False,False,2025-01-27T12:36:37.000Z,https://twitter.com/MarketsBlock/status/1883856636365939078,1883856636365939078,329.0,False,2025-02-26T20:55:18.926152
Petar Vladimirov Posledovich,Petar Vladimirov Posledovich,https://twitter.com/PPosledovich,"UberTechnologies Inc Valuation 

https://echnologies-inc.html?spref=tw…Uber is fairly valued.

#uber#UberEats#UberDrivers#uberdriver#ubereats配達員#investing#StockMarket#stocks#stocksinnews#valuation#SiliconValley#capital","#uber,#UberEats,#UberDrivers,#uberdriver,#ubereats配達員,#investing,#StockMarket,#stocks,#stocksinnews,#valuation,#SiliconValley,#capital",,True,False,2023-05-18T17:47:44.000Z,https://twitter.com/PPosledovich/status/1659254457027252224,1659254457027252224,69.0,False,2025-02-26T20:55:21.580070
Forbes Middle East,Forbes Middle East,https://twitter.com/Forbes_MENA_,"#Taiwan has rejected #UberTechnologies' proposed $950 million acquisition of Delivery Hero's Foodpanda operations on the island, citing potential anti-competitive concerns.

#Forbes

For more details: https://","#Taiwan,#Uber,#Forbes",,True,False,2024-12-26T05:37:33.000Z,https://twitter.com/Forbes_MENA_/status/1872154762701103297,1872154762701103297,326.0,False,2025-02-26T20:55:25.358743
Isis Almeida,Isis Almeida,https://twitter.com/isiscarol14,#Uber Is Considering Spinning Off Freight Logistics Division w/ ⁦@DavidWelch47⁩ ⁦@Katie_Roof⁩ ⁦@jackiedavalos1⁩,#Uber,"@DavidWelch47,@Katie_Roof,@jackiedavalos1",False,False,2023-03-08T21:37:31.000Z,https://twitter.com/isiscarol14/status/1633582746596671488,1633582746596671488,1000.0,False,2025-02-26T20:55:32.591111
Tickeron,Tickeron,https://twitter.com/Tickeron,This is amazing! What do you think? $UBER RSI Indicator left the overbought zone. #UberTechnologieshttps://,#UberTechnologies,,True,False,2023-06-06T12:06:54.000Z,https://twitter.com/Tickeron/status/1666054050373332992,1666054050373332992,92.0,False,2025-02-26T20:55:36.700006
ET Edge Insights,ET Edge Insights,https://twitter.com/etedge_insights,"Discussions between Tata Group and UberTechnologies may herald a strategic collaboration to amplify traffic and interaction on Tata Neu

Read more

#ETInsights#TataGroup#Uber#TataNeu#Strategy#Collaboration#Techhttps://lores-uber-partnership-to-elevate-digital-platform-engagement/…","#ETInsights,#TataGroup,#Uber,#TataNeu,#Strategy,#Collaboration,#Tech",,False,False,2024-02-15T12:46:15.000Z,https://twitter.com/etedge_insights/status/1758110471683518743,1758110471683518743,32.0,False,2025-02-26T20:55:39.450475
Business-News-Today.com,Business-News-Today.com,https://twitter.com/cricket_fundas,UberTechnologies partners with Instacart to offer restaurant delivery through Instacart app https://ies-partners-with-instacart-to-offer-restaurant-delivery-through-instacart-app/…#Instacart#Uber#UberEats#InstacartUberDeal#FoodDeliveryInnovation#GroceryMeetsRestaurants#InstacartPlus#UberEatsExpansion,"#Instacart,#Uber,#UberEats,#InstacartUberDeal,#FoodDeliveryInnovation,#GroceryMeetsRestaurants,#InstacartPlus,#UberEatsExpansion",,True,False,2024-05-08T00:34:49.000Z,https://twitter.com/cricket_fundas/status/1788004593005383770,1788004593005383770,33.0,False,2025-02-26T20:55:39.454567
Tickeron,Tickeron,https://twitter.com/Tickeron,"If you’re trading this week, Read This! $UBER RSI Indicator left the overbought zone. #UberTechnologieshttps://",#UberTechnologies,,True,False,2023-06-08T01:38:04.000Z,https://twitter.com/Tickeron/status/1666620576067121157,1666620576067121157,104.0,False,2025-02-26T20:55:46.571369
MSN Money,MSN Money,https://twitter.com/MSN_Money,"UberTechnologies will buy Delivery Hero’s Foodpanda delivery business in Taiwan for $950 million cash, marking a major expansion for the U.S. company in Asia.
#Uber#Hero#Dealhttps://","#Uber,#Hero,#Deal",,True,False,2024-05-14T06:45:18.000Z,https://twitter.com/MSN_Money/status/1790272156003172497,1790272156003172497,283.0,False,2025-02-26T20:55:52.067935
MarketsBlock,MarketsBlock,https://twitter.com/MarketsBlock,Piper Sandler maintains #UberTechnologies$UBER at Overweight and lowers the price target from $98 to,#Uber,,False,False,2025-01-28T15:20:24.000Z,https://twitter.com/MarketsBlock/status/1884260241715441829,1884260241715441829,243.0,False,2025-02-26T20:55:56.073731
Options AI,Options AI,https://twitter.com/OptionsLearn,Looking at $UBER? UberTechnologies ($34.90) reports earnings on Wednesday after the close. The expected move is 8.1% ($2.86) in either direction. Bulls expect $38.08. Bears expect $32.36. See https:// for more. #options#UBER,"#options,#UBER",,False,False,2023-02-07T21:23:20.000Z,https://twitter.com/OptionsLearn/status/1623069926125715456,1623069926125715456,247.0,False,2025-02-26T20:55:58.457758
Tickeron,Tickeron,https://twitter.com/Tickeron,This is amazing! What do you think? $UBER entered Uptrend as Momentum indicator ascends above 0 level. #UberTechnologieshttps://,#UberTechnologies,,True,False,2023-07-06T22:58:28.000Z,https://twitter.com/Tickeron/status/1677089658667438081,1677089658667438081,105.0,False,2025-02-26T20:55:58.461536
Daniel Bland,Daniel Bland,https://twitter.com/danielblandbiz,"#UberTechnologies has appointed #Tesla exec Rebecca Tinucci as global head of #sustainability! 
#ElectricVehicles#EV#FleetMobilityToday","#Uber,#Tesla,#sustainability,#ElectricVehicles,#EV,#FleetMobilityToday",,False,False,2024-08-22T13:43:49.000Z,https://twitter.com/danielblandbiz/status/1826616267450749420,1826616267450749420,68.0,False,2025-02-26T20:56:01.408404
Muscle,@Muscle,https://twitter.com/RichCashNFT,"I was doing @uber the other day

I got 20$ for that 30 min ride

I ask the customer how much did they pay 

They said 40ish dollars!

@uber hustles their drivers 

Taking more than 50% per ride!

That needs to be fixed ASAP 

#UberDriver#UberSCAM","#UberDriver,#UberSCAM","@uber,@uber",False,False,2025-02-16T18:08:59.000Z,https://twitter.com/RichCashNFT/status/1891188038258102761,1891188038258102761,160.0,False,2025-02-26T20:56:04.084196
k srinivas,k srinivas,https://twitter.com/srinivas_kamala,And answer from the customer care executive is worst and horrible. Hey they should have good training before they sit in Customer Care seat. I have the call recording too. They can't even answer my simple question. #olacabshyd#uberdriver#Uber#uberhyd#rapidocab,"#olacabshyd,#uberdriver,#Uber,#uberhyd,#rapidocab",,False,False,2025-02-15T08:29:55.000Z,https://twitter.com/srinivas_kamala/status/1890679924131836398,1890679924131836398,29.0,False,2025-02-26T20:56:04.090497
Houston Rideshare,Houston Rideshare,https://twitter.com/DriverAb3,"I've been getting more and more of these Customer Canceled. Is anyone else experiencing this?
#Uber#uberdriver","#Uber,#uberdriver",,True,False,2025-02-14T21:36:20.000Z,https://twitter.com/DriverAb3/status/1890515443288269094,1890515443288269094,982.0,False,2025-02-26T20:56:04.096548
Govindan Nampoothiry,Govindan Nampoothiry,https://twitter.com/gnabvm,Oh in #Kochi! Have you filed complaint in local #police station? @Uber_India@Uber_Support@Uber look into this asap. @TheKeralaPolice pls trace this driver at the earliest #Uber#Kerala#uberdriver#customer#safety,"#Kochi,#police,#Uber,#Kerala,#uberdriver,#customer,#safety","@Uber,_India,@Uber,_Support,@Uber,@TheKeralaPolice",False,False,2025-02-12T21:39:24.000Z,https://twitter.com/gnabvm/status/1889791441460752790,1889791441460752790,84.0,False,2025-02-26T20:56:04.102870
Adithya Narayan,Adithya Narayan,https://twitter.com/24adithya,Uberdriver came entered the OTP and asked me the payment method. When I told him it's online he told me to cancel and left. Didn't even cancel the trip. Tried reaching your customer support but to no avail! Ultimately I paid 51 INR for a trip I wasn't even in. #uber#uberdriver,"#uber,#uberdriver",,True,False,2025-02-04T15:14:33.000Z,https://twitter.com/24adithya/status/1886795484750139795,1886795484750139795,13.0,False,2025-02-26T20:56:04.108398
Satyam singh,Satyam singh,https://twitter.com/SatyamSingh9322,"@Uber_India@Uber_Support 
suspended my account for 3 days without even asking both parties customer given a reason for cancel the ride in front of me.and Said sorry 
I'm bored to work with uber 
You never listen drivers #uberdriver",#uberdriver,"@Uber,_India,@Uber,_Support",False,False,2025-02-03T06:53:31.000Z,https://twitter.com/SatyamSingh9322/status/1886307009345061023,1886307009345061023,20.0,False,2025-02-26T20:56:04.114845
Hitesh Navriya,Hitesh Navriya,https://twitter.com/HNavriya,"Never ever use courier feature from .@Uber_India. Least bothered about customer support. No action took against rider for missing in between the ride. Not picking call too. 

#uberdriver#uber#CustomerServiceFail","#uberdriver,#uber,#CustomerServiceFail","@Uber,_India",False,False,2025-02-03T04:54:07.000Z,https://twitter.com/HNavriya/status/1886276959044620546,1886276959044620546,50.0,False,2025-02-26T20:56:09.084534
Avinash Avi,Avinash Avi,https://twitter.com/Avinashbobbilis,"@Uber_Support I’m an Uberdriver facing issues! 

Trip Radar makes me lose trips.
Parcel Delivery is missing from my app.
Customer support calls won’t connect.
Need urgent help! Please respond ASAP. #UberDriver#UberSupport","#UberDriver,#UberSupport","@Uber,_Support",False,False,2025-02-01T06:05:36.000Z,https://twitter.com/Avinashbobbilis/status/1885570174428078365,1885570174428078365,10.0,False,2025-02-26T20:56:09.089535
Gaurav,Gaurav,https://twitter.com/NainFlicks,"I don't understand why @Uber_India onboard such drivers who don't agree with their pricing and I ask extra from customer. 
#uberdriver#Uber#MahaKumbh2025","#uberdriver,#Uber,#MahaKumbh2025","@Uber,_India",False,False,2025-01-31T01:56:25.000Z,https://twitter.com/NainFlicks/status/1885145076961337489,1885145076961337489,30.0,False,2025-02-26T20:56:09.089535
Aryan,Aryan,https://twitter.com/Aryansharma321,@Uber_India I completed my trip today with uber today and they charged me 50rs extra in the name of waiting time where the rider arrived in front me there was no waiting time and I'll not travel travel with uber again cheap strategy to earn extra money from customer#uberdriver,#uberdriver,"@Uber,_India",False,False,2025-01-29T05:14:39.000Z,https://twitter.com/Aryansharma321/status/1884470188730667105,1884470188730667105,11.0,False,2025-02-26T20:56:12.405417
Mahinder Singh,Mahinder Singh,https://twitter.com/Mahinder_1959,"@Uber deactivated my delivery account last year without a valid reason, and their customerservice refuses to listen. I’m 65 years old, and this work was my bread and butter. No transparency, no support—just left stranded. Drivers deserve better! #uberdriver#ubereats","#uberdriver,#ubereats",@Uber,False,False,2025-01-24T16:24:18.000Z,https://twitter.com/Mahinder_1959/status/1882826774750666911,1882826774750666911,17.0,False,2025-02-26T20:56:12.405417
TJ,TJ,https://twitter.com/UberRantz,"I just went to wash/vacuum, and found why a customer sat behind me yesterday. He was rolling a blunt during the trip. Weed in my ashtray SMH
#Uber#uberdriver","#Uber,#uberdriver",,False,False,2025-01-18T13:40:25.000Z,https://twitter.com/UberRantz/status/1880611204143706478,1880611204143706478,5.0,False,2025-02-26T20:56:15.699246
Akshay Bhagat,Akshay Bhagat,https://twitter.com/AkshayBhagat36,till now I been calling both driver and uber both but no respond from either end been a regular ubercustomer i trust the process and paid the amount but I realise it was my mistake #uberdriver#uber#darakhosrowshahi.,"#uberdriver,#uber,#darakhosrowshahi",,False,False,2025-01-11T14:28:12.000Z,https://twitter.com/AkshayBhagat36/status/1878086513646284965,1878086513646284965,14.0,False,2025-02-26T20:56:15.699246
kind services,kind services,https://twitter.com/webkartpro,"UberDriver Contact Support 2025, How to call in ubercustomer care helpline number? #uber#uberdriver","#uber,#uberdriver",,True,False,2025-01-08T11:05:47.000Z,https://twitter.com/webkartpro/status/1876948407748628906,1876948407748628906,27.0,False,2025-02-26T20:56:15.699246
Alexandra Vanscoyk,Alexandra Vanscoyk,https://twitter.com/AVanscoyk69,"Why you guys are give us a driver only 50% of charg for ride.
I had a customer today he said Uber charge him $50 for a ride and I only get $27... I this big lowsuit is coming to #uber. #uberdriver#uberscammed","#uber,#uberdriver,#uberscammed",,False,False,2025-01-08T00:02:34.000Z,https://twitter.com/AVanscoyk69/status/1876781505445290212,1876781505445290212,36.0,False,2025-02-26T20:56:21.209821
Amit,Amit,https://twitter.com/Solitude_Goal,"Also, before the deduction from wallet, no notification or permission asked from customer. Uber apps silently deducted the amount. #uberdriver#Uber","#uberdriver,#Uber",,False,False,2025-01-07T11:47:21.000Z,https://twitter.com/Solitude_Goal/status/1876596480859087017,1876596480859087017,14.0,False,2025-02-26T20:56:21.209821
Nitesh Nilekar,Nitesh Nilekar,https://twitter.com/nitesh_nilekar,Dear @Uber_India Why does the customer pay extra for this type pf cancellation. Please look this #Uber#uberdriver,"#Uber,#uberdriver","@Uber,_India",True,False,2025-01-05T16:43:46.000Z,https://twitter.com/nitesh_nilekar/status/1875946303039181058,1875946303039181058,13.0,False,2025-02-26T20:56:24.891839
JS,JS,https://twitter.com/SJyotishka,"@Uber_Support@UberIN_Support@Uber_India Another Rude, UberDriver on Monday morning.. couldn't figure out the location and abused to customer on call n cancelled ride. Uber really needs to check their driver character..it's not safe for riders. #Uber#uberdriver","#Uber,#uberdriver","@Uber,_Support,@UberIN_Support,@Uber,_India",True,False,2024-12-23T04:02:36.000Z,https://twitter.com/SJyotishka/status/1871043706503286978,1871043706503286978,14.0,False,2025-02-26T20:56:28.247059
Vikash Jha,Vikash Jha,https://twitter.com/VikashJha144336,"""Uber's new strategy: show a reasonable fare, then double it post-ride. No real-time support, and refunds go to Uber Wallet, forcing us to use it again. What if someone can't pay the extra? This is harassment, not service. #UnfairUber#CustomerRights"" #uber#uberdriver#Customer","#UnfairUber,#CustomerRights,#uber,#uberdriver,#Customer",,False,False,2024-12-21T17:04:39.000Z,https://twitter.com/VikashJha144336/status/1870515741772120260,1870515741772120260,18.0,False,2025-02-26T20:56:33.736927
Aushta Laxmi,Aushta Laxmi,https://twitter.com/Aushta_Lakshmi,"@Uber@Uber_Support 
Fed up with drivers asking / demanding  an extra charge. Then why does your app show a different charge. ?

What goes wrong? Back to back cancellation when we refuse to pay extra. 
Bad customerexperience. #CustomerServiceFail#uberdriver#uber#ola","#CustomerServiceFail,#uberdriver,#uber,#ola","@Uber,@Uber,_Support",True,False,2024-11-13T14:28:43.000Z,https://twitter.com/Aushta_Lakshmi/status/1856705757552529752,1856705757552529752,32.0,False,2025-02-26T20:56:41.216924
Bhavana Gadiyar,Bhavana Gadiyar,https://twitter.com/BhavanaGadiyar,"#uberUber, is there a new rule that drivers will not switch on AC because the customer has booked an UberGo? My driver just refused to switch on the AC. Can you clarify?
#bangaloretraffic#uberdriver","#uber,#bangaloretraffic,#uberdriver",,False,False,2024-11-13T04:36:07.000Z,https://twitter.com/BhavanaGadiyar/status/1856556626410385621,1856556626410385621,23.0,False,2025-02-26T20:56:41.220926
Hamzath Hamza,Hamzath Hamza,https://twitter.com/HamzathHamza4,"I am an Uberdriver. Why can't I connect to Ubercustomer care call?  I am going to file a complaint
#uberbanglore#uberdriver#Uber","#uberbanglore,#uberdriver,#Uber",,False,False,2024-11-11T15:04:46.000Z,https://twitter.com/HamzathHamza4/status/1855990055711420541,1855990055711420541,20.0,False,2025-02-26T20:56:41.225003
aAarav,aAarav,https://twitter.com/paagalsaladka,"Hello @Uber_India,@Uber_Support@UberIN_Support  One of your riders ran away with my belongings worth (20k), and your customerservice is unable to help. Please shut down your service in India(Delhi).#fraud#uberdriver#UberTaxi#Uber@GyanTherapy#PoliceCommemorationDay2024","#fraud,#uberdriver,#UberTaxi,#Uber,#PoliceCommemorationDay2024","@Uber,_India,@Uber,_Support,@UberIN_Support,@GyanTherapy",False,False,2024-10-21T06:14:00.000Z,https://twitter.com/paagalsaladka/status/1848246337231347815,1848246337231347815,61.0,False,2025-02-26T20:56:43.698300
Utkarsh Yadav,Utkarsh Yadav,https://twitter.com/utkarshyadav018,"@Uber_India This isn't the first time your shuttle drivers have refused to pick me up, causing repeated inconveniences. Please take serious steps to improve customerservice before your competition does it for you. #UberShuttle#CustomerExperience#uber#uberdriver","#UberShuttle,#CustomerExperience,#uber,#uberdriver","@Uber,_India",True,False,2024-09-09T03:53:05.000Z,https://twitter.com/utkarshyadav018/status/1832990584237183355,1832990584237183355,21.0,False,2025-02-26T20:56:43.704429
Denzil Ernstzen,Denzil Ernstzen,https://twitter.com/denzilern,Uber just ripped me off! Charged customer $62 for trip and gave me half!! #uberdriver,#uberdriver,,False,False,2024-09-08T13:10:08.000Z,https://twitter.com/denzilern/status/1832768383600800016,1832768383600800016,9.0,False,2025-02-26T20:56:48.324217
Sahil Shaikh,Sahil Shaikh,https://twitter.com/00ssprince00,"Ubercustomer support is only for Customers not for Driver partners.

Very disappointing.
@Uber_Support@Uber_India@Uber@UberIN_Support#UberDriver#Gigwork#uber#Uberpartner#UberIndia","#UberDriver,#Gigwork,#uber,#Uberpartner,#UberIndia","@Uber,_Support,@Uber,_India,@Uber,@UberIN_Support",False,False,2024-09-07T17:11:57.000Z,https://twitter.com/00ssprince00/status/1832466851701334278,1832466851701334278,33.0,False,2025-02-26T20:56:48.324217
Little Prince of Incitement Subversion煽颠小王子,Little Prince of Incitement Subversion煽颠小王子,https://twitter.com/HHQRHH,"Without cancellation fees, you will be a slave to the customer and Uber. UberEats wants slaves #UberEat#uberdriver","#UberEat,#uberdriver",,True,False,2024-07-21T16:23:11.000Z,https://twitter.com/HHQRHH/status/1815059960138788907,1815059960138788907,1400.0,False,2025-02-26T20:56:50.162716
Crypto guru,Crypto guru,https://twitter.com/Crypto_guru91,#uberdriver noone speaks English in Ubercustomerservice! It's all robot or a human robot. Uber deleted my account to order food and get a taxi by accident. 7 years gone. Now to speak to a human is a robot stay away from. Uber! . If you don't want a headache,#uberdriver,,False,False,2024-07-18T18:42:00.000Z,https://twitter.com/Crypto_guru91/status/1814007730350477653,1814007730350477653,10.0,False,2025-02-26T20:56:52.830805
Rachel Armstrong,Rachel Armstrong,https://twitter.com/Rachyyy_A91,@Uber how do I contact customer services regarding a taxi driver being horrifically rude and being disrespectful due to being “2 metres” from our pick up destination? Taking € from me and paying him is disgusting #uberdriver#uberhelp#uber#CustomerService#uberhelp,"#uberdriver,#uberhelp,#uber,#CustomerService,#uberhelp",@Uber,False,False,2024-07-16T20:36:34.000Z,https://twitter.com/Rachyyy_A91/status/1813311788584247662,1813311788584247662,3.0,False,2025-02-26T20:56:52.830805
Absurdity,Absurdity,https://twitter.com/AbsurdityFromLv,"Uber be fucked up today. 30 mins of travel for $10. 10 miles to get customer, 10 miles to destination. Honestly, there is no time to gaze at these offers until you’re fucked. #uberdriver",#uberdriver,,False,False,2024-07-08T16:54:26.000Z,https://twitter.com/AbsurdityFromLv/status/1810356783221019058,1810356783221019058,58.0,False,2025-02-26T20:56:55.158060
Ramashish Kushwaha,Ramashish Kushwaha,https://twitter.com/ram4meds,"Please note that the resolution provided is not right. I had paid very high amt. As per my experience, uber is giving the worst customerservice. Their system is not able to investigate the fraud done. This is pathetic and service from Uber.

#uberdriver#fraud#ubersupport","#uberdriver,#fraud,#ubersupport",,False,False,2024-07-06T11:43:10.000Z,https://twitter.com/ram4meds/status/1809553673602625995,1809553673602625995,7.0,False,2025-02-26T20:56:55.173722
Sia Viju,Sia Viju,https://twitter.com/VijuSia81518,@UberIN_Support I cant reach the customer support of @Uber_India with regard to a very bad experience I faced with one of the drivers in kochi.  They said they would give me updates within 48 hours. No response yet. @UberIN_Support#sexualharrasment#uberkerala#uberdriver,"#sexualharrasment,#uberkerala,#uberdriver","@UberIN_Support,@Uber,_India,@UberIN_Support",False,False,2024-05-26T07:05:05.000Z,https://twitter.com/VijuSia81518/status/1794625791336333338,1794625791336333338,35.0,False,2025-02-26T20:56:58.824754
DJ Battle,DJ Battle,https://twitter.com/djbattle313,"Listen to ""Uber Shot At After Customer Pickup"" by Foundation Kings. https://ationkings/episodes/Uber-Shot-At-After-Customer-Pickup-e2hh637…#uberdriver#shooting#Chicago#FoundationPodcast","#uberdriver,#shooting,#Chicago,#FoundationPodcast",,False,False,2024-03-25T01:30:39.000Z,https://twitter.com/djbattle313/status/1772073577539342483,1772073577539342483,71.0,False,2025-02-26T20:57:03.529930
Mashable India,Mashable India,https://twitter.com/MashableIndia,"Rude UberDriver In Bengaluru Asked A Google Techie To Get Out Of The Car Mid-Ride For THIS Reason

#Uber#UberDriver#Cabbie#Bangalore#Bengaluru#Customer#Harassment","#Uber,#UberDriver,#Cabbie,#Bangalore,#Bengaluru,#Customer,#Harassment",,False,False,2024-03-18T08:27:27.000Z,https://twitter.com/MashableIndia/status/1769641756247634153,1769641756247634153,97.0,False,2025-02-26T20:57:03.534425
uber mad26,uber mad26,https://twitter.com/famousAndy69,@Uber@Uber_Support I knew you guys screwed us but it was worse then I thought. After being  bitched at about high prices I was super confused because it was only $1.75surge well a customer showed me they paid 19.75 for a ride I made 8.25. #uberdriver#Uber,"#uberdriver,#Uber","@Uber,@Uber,_Support",False,False,2023-07-29T02:13:30.000Z,https://twitter.com/famousAndy69/status/1685111276286935040,1685111276286935040,32.0,False,2025-02-26T20:57:03.534425
Divya Kriti,Divya Kriti,https://twitter.com/divyakriti,"My Uber account was hacked and I have been robbed off a lot of money. Even under such urgent circumstances, Uber has no direct customerservice. @Uber is there a support number I can call for this? On top of all this, I am a student @Uber please help!
#uber#uberone#uberdriver","#uber,#uberone,#uberdriver","@Uber,@Uber",False,False,2023-06-10T18:11:46.000Z,https://twitter.com/divyakriti/status/1667595423626985472,1667595423626985472,103.0,False,2025-02-26T20:57:03.550549
Raj Mandal,Raj Mandal,https://twitter.com/rajmandal1271,Can uber India call me for a urgent customer support #uberdriver,#uberdriver,,False,False,2023-04-14T03:27:16.000Z,https://twitter.com/rajmandal1271/status/1646716725126377472,1646716725126377472,10.0,False,2025-02-26T20:57:05.998973
NYCTaxiCabTales,NYCTaxiCabTales,https://twitter.com/nyctaxicabtales,"@nyctaxicabtales
Chick @HofstraU#Gigeconomy Analyst Said: @Uber Has Created Very Fairminded Investigative Team-When There is A Bogus Accusation By A Customer Against An #Uberdriver - This Team Thoroughly Investigatives The Matter And Makes Fair Judgment !.","#Gigeconomy,#Uberdriver","@nyctaxicabtales,@HofstraU,@Uber",True,False,2023-04-11T20:00:11.000Z,https://twitter.com/nyctaxicabtales/status/1645879438142238722,1645879438142238722,135.0,False,2025-02-26T20:57:06.014771
Harshit Arora,Harshit Arora,https://twitter.com/aroraharshit9,I want to let everyone know about #Uber. Pathetic customer support or shall I say no customer support at all. My vehicle is actually valid to get rides in Ontario and yet I’m not allowed because of a technical glitch. No help. #uberdriver,"#Uber,#uberdriver",,True,False,2023-04-06T16:23:02.000Z,https://twitter.com/aroraharshit9/status/1644012848501207042,1644012848501207042,65.0,False,2025-02-26T20:57:11.584490
Curtis,Curtis,https://twitter.com/Dr__Cee,@Uber I’m not the only driver to be “overpaid” yesterday. Reminds me of @comcast or @Verizon wrongfully overcharging customer$… Most won’t fight it. Wonder how much giant corporations get to keep after “a system error.” Lame #AprilFoolsDay for an #uberdriver,"#AprilFoolsDay,#uberdriver","@Uber,@comcast,@Verizon",True,False,2023-04-02T17:40:43.000Z,https://twitter.com/Dr__Cee/status/1642582849881612293,1642582849881612293,63.0,False,2025-02-26T20:57:15.516925
virtually online,virtually online,https://twitter.com/virtual_gage,"I am beyond disappointed at the lack of respect you have for your drivers, specially ones with high ratings and customer satisfaction. This is absurd. #uberdriver#UberEats#Uber","#uberdriver,#UberEats,#Uber",,False,False,2023-02-23T17:25:32.000Z,https://twitter.com/virtual_gage/status/1628808290434949121,1628808290434949121,27.0,False,2025-02-26T20:57:23.617454
Pratik Bhatt,Pratik Bhatt,https://twitter.com/PittyBhatt,"Now @Olacabs sending me reminder for that cancellation exactly after 30 days and 2 mins. When I get to know about it. I called customer care and one of their executive name is Vishwarup told me that they could not refund it after 30 days.

@Olacabs@bhash@Uber#OLA#uberdriver","#OLA,#uberdriver","@Olacabs,@Olacabs,@bhash,@Uber",False,False,2023-02-22T10:09:46.000Z,https://twitter.com/PittyBhatt/status/1628336235642236928,1628336235642236928,343.0,False,2025-02-26T20:57:23.623432
Sharmaji Ki Beti,Sharmaji Ki Beti,https://twitter.com/meemansi,"@Uber_Support this is how your drivers play smart to get the customer to cancel the ride. This guy started from right outside my sector and drove to 8km away just so that I could cancel. Even refused to reply to messages and calls.
#uberdriver",#uberdriver,"@Uber,_Support",True,False,2023-02-21T04:59:15.000Z,https://twitter.com/meemansi/status/1627895704583823360,1627895704583823360,26.0,False,2025-02-26T20:57:25.387966
Sukdev,Sukdev,https://twitter.com/Megh_nad,@Uber@Uber_Support#uber U should immediately stop service. Your #uberdriver r using ur brand only to trap customer. They r demanding just double of #Ubers Rate. Refusing to Cancel even. Take action against this adamant rogue driver or I will complain against him to Police,"#uber,#uberdriver,#Ubers","@Uber,@Uber,_Support",True,False,2023-02-19T22:52:01.000Z,https://twitter.com/Megh_nad/status/1627440899646177280,1627440899646177280,72.0,False,2025-02-26T20:57:28.081462
Hooman,Hooman,https://twitter.com/hoomansv,"Just to put things in perspective:

$UBER at $140B market cap is expected to report $0.56 EPS and $2.4B in FCF this quarter

$TSLA at $1.25T market cap just reported $0.73 EPS and $2B in FCF just now

As David Einhorn put it, “we’ve entered the Fartcoin stage of the cycle”",,,True,False,2025-01-30T00:22:01.000Z,https://twitter.com/hoomansv/status/1884758934365356167,1884758934365356167,111000.0,False,2025-02-26T20:57:35.019992
Balaji Krishnamurthy,Balaji Krishnamurthy,https://twitter.com/_balaji_km,"In @Uber’s earnings slides and prepared remarks this quarter we went deeper on our AV strategy. We believe AV can open up a $1T+ TAM for Uber in the US alone -- but while AV tech is advancing, commercialization will happen much more slowly.

Multiple elements still need to come",,@Uber,True,False,2025-02-06T17:53:14.000Z,https://twitter.com/_balaji_km/status/1887560197662556316,1887560197662556316,74000.0,False,2025-02-26T20:57:35.019992
Anthony Pompliano,Anthony Pompliano,https://twitter.com/APompliano,"This is an incredible chart for Uber's operating income. 

Exactly how the venture capital playbook is supposed to be run.",,,True,False,2025-01-05T14:40:07.000Z,https://twitter.com/APompliano/status/1875915186345050226,1875915186345050226,482000.0,False,2025-02-26T20:57:35.026624
Brad Gerstner,Brad Gerstner,https://twitter.com/altcap,"Never bet against @dkhos.  Btw - the @BillAckman news dropped while Dara, Diller & I on stage together in Miami.  At 33 M rides a day $UBER clearly the market leader - plus Dara understands the risks of robotaxi.  One of greatest financial turn arounds in biz history.",,"@dkhos,@BillAckman",True,False,2025-02-07T18:52:47.000Z,https://twitter.com/altcap/status/1887937570186621034,1887937570186621034,212000.0,False,2025-02-26T20:57:35.032185
Quartr,Quartr,https://twitter.com/Quartr_App,"$UBER Q4 2024

""We believe we remain undervalued despite these strong fundamentals, and plan to be active and opportunistic buyers of our stock."" – Prashanth Mahendra-Rajah, CFO

MAPCs* +14%
Trips +18%
Gross Bookings +18%
Revenue +20%
*Mobility +25%
*Delivery +21%
*Freight 0%",,,True,False,2025-02-05T12:10:38.000Z,https://twitter.com/Quartr_App/status/1887111590199042478,1887111590199042478,54000.0,False,2025-02-26T20:57:38.462452
Riggs Eckelberry,Riggs Eckelberry,https://twitter.com/riggseck,"Over the past 10 years, Uber has upended the taxi industry, shattering its traditional model while simultaneously expanding its scope and making it more accessible by drastically increasing the number of drivers—yet the industry still hasn’t recovered or adapted.

People now",,,True,False,2025-02-21T20:22:39.000Z,https://twitter.com/riggseck/status/1893033616726245495,1893033616726245495,121.0,False,2025-02-26T20:57:44.837329
Accrued Interest,Accrued Interest,https://twitter.com/accrued_int,"strong agree $UBER is cheap on #FCF, buying more today. Also @returnoncap - given high #EBITDA to #FCF conversion, and the organic growth still high double digits it's quite cheap on 2026 #'s. This stock can work for a long time without much risk, imo","#FCF,#EBITDA,#FCF",@returnoncap,True,False,2025-02-20T14:48:21.000Z,https://twitter.com/accrued_int/status/1892587098282119562,1892587098282119562,1800.0,False,2025-02-26T20:57:48.049720
Long-Term Pick,Long-Term Pick,https://twitter.com/long_term_pick,"Uber's 27.5% stake in Grab, acquired through the merger of their Southeast Asian operations in 2018, is a strategic win for the company. Here are the key benefits for Uber:

• Strategic Ownership in a Market Leader: By exiting direct operations in Southeast Asia, Uber secured",,,True,False,2025-02-25T10:30:01.000Z,https://twitter.com/long_term_pick/status/1894334024841359559,1894334024841359559,17.0,False,2025-02-26T20:57:54.037422
MeaningfulNonsense,MeaningfulNonsense,https://twitter.com/meaningnonsense,"X is being taken over by $UFD
X is being taken over by $UFD
X is being taken over by $UFD
X is being taken over by $UFD
X is being taken over by $UFD
X is being taken over by $UFD
X is being taken over by $UFD
X is being taken over by $UFD
X is being taken over by $UFD
X is being",,,False,False,2025-01-13T08:28:31.000Z,https://twitter.com/meaningnonsense/status/1878720772681957864,1878720772681957864,4900.0,False,2025-02-26T20:57:55.860868
FinChat,FinChat,https://twitter.com/finchat_io,"Uber is showing some impressive profitability at scale.

Why wouldn't this continue over the next 5 years?

$UBER",,,True,False,2025-01-03T15:00:12.000Z,https://twitter.com/finchat_io/status/1875195464406225240,1875195464406225240,49000.0,False,2025-02-26T20:57:58.175390
FinChat,FinChat,https://twitter.com/finchat_io,"Uber's operating leverage over the last 5 years has been astounding.

Adj. EBITDA Margin:
Q4 2019: -21%
Q4 2024 15%

$UBER",,,True,False,2025-02-05T14:34:02.000Z,https://twitter.com/finchat_io/status/1887147677261185272,1887147677261185272,23000.0,False,2025-02-26T20:58:03.990281
IX-A,IX-A,https://twitter.com/westcarlif,"Still on this uber might have the largest share but low profit margins compared to Tesla same to the way Apple is in the phone market.
https://status/1893051645778395391?t=wx-YGsMs14asAH0JrjK8cg&s=19…",,https://x.com/SawyerMerritt/status/1893051645778395391?t=wx-YGsMs14asAH0JrjK8cg&s=19…,False,False,2025-02-22T06:34:35.000Z,https://twitter.com/westcarlif/status/1893187615349748005,1893187615349748005,19.0,False,2025-02-26T20:58:06.339101
Shay Boloor,Shay Boloor,https://twitter.com/StockSavvyShay,"$UBER Q4 Earnings 

• Sales $11.96B vs Est. $11.77B
• EPS $3.21 vs Est. $0.66
• EBITDA $1.84B vs Est. $1.85B

Q1 Guidance 
• Gross Bookings $43B vs Est. $43.5B
• EBITDA $1.85B vs Est. $1.84B",,,True,False,2025-02-05T12:02:42.000Z,https://twitter.com/StockSavvyShay/status/1887109592628474274,1887109592628474274,44000.0,False,2025-02-26T20:58:08.593203
FinChat,FinChat,https://twitter.com/finchat_io,"5 Companies that are rapidly increasing profit margins:

1.) Uber$UBER

Operating Margin:

2017: -49%
2024: 14%",,,True,False,2025-01-06T20:45:02.000Z,https://twitter.com/finchat_io/status/1876369406571544742,1876369406571544742,79000.0,False,2025-02-26T20:58:12.604564
سعيد عبدالجبَّار,سعيد عبدالجبَّار,https://twitter.com/Saeed_AJ,"أعلن المستثمر @BillAckman أن صندوقه @PershingSquare قام بشراء 30.3 مليون سهم في $UBER لاعتقاده أن اليهم قد يرتفع بأكثر من 100% خلال 3 سنوات:

بعض أرقام $UBER المذكورة في تقرير الصندوق:

- 170 مليون مستخدم شهرياً
- 8 مليون سائق في 70 دولة
- 160 مليار دولار إجمالي قيمة الرحلات",,"@BillAckman,@PershingSquare",True,False,2025-02-19T18:13:00.000Z,https://twitter.com/Saeed_AJ/status/1892276212300730823,1892276212300730823,4100.0,False,2025-02-26T20:58:14.961918
Evan,Evan,https://twitter.com/StockMKTNewz,"$UBER JUST REPORTED EARNINGS

EPS of $3.21 beating expectations of $0.48
Revenue of $11.96B beating expectations of $11.8B",,,True,False,2025-02-05T12:04:22.000Z,https://twitter.com/StockMKTNewz/status/1887110013543420098,1887110013543420098,262000.0,False,2025-02-26T20:58:20.434258
DOPEMIND,DOPEMIND,https://twitter.com/dopemind10,"$UFD is echo.       $UFD is rise.
$UFD is countless.   $UFD defies.
$UFD is movement.    $UFD is flow.
$UFD is fire.       $UFD will grow.

$UFD is reaching.    $UFD is high.
$UFD is lifting.     $UFD won’t die.
$UFD is bonded.      $UFD is strong.
$UFD is melody.      $UFD is",,,True,False,2025-02-24T07:36:19.000Z,https://twitter.com/dopemind10/status/1893927924006257130,1893927924006257130,221.0,False,2025-02-26T20:58:25.709563
Quality Investing with Aria,Quality Investing with Aria,https://twitter.com/QualityInvest5,"It does bring a smile to my face $UBER +32% YTD
$TSLA -14% YTD",,,False,False,2025-02-12T20:23:56.000Z,https://twitter.com/QualityInvest5/status/1889772447248838977,1889772447248838977,18000.0,False,2025-02-26T20:58:31.099655
Noble Investing,Noble Investing,https://twitter.com/NobleInvesting,"$UBER vs $TSLA: Why Uber's Stock Will Thrive - With or Without a Robotaxi Deal

Now Live --> https://",,,True,False,2025-02-24T01:11:35.000Z,https://twitter.com/NobleInvesting/status/1893831105918144562,1893831105918144562,340.0,False,2025-02-26T20:58:31.105914
VolatilityX,VolatilityX,https://twitter.com/XVolatility,"With multiple endeavors boosting its operational dynamics, Uber recently reported a 23% YoY growth in combined Mobility and Delivery revenue totaling $10.7 billion. The tech giant also moved up with a net income of $6.9 billion. On the horizon, CEO Dara Khosrowshahi is set to",,,False,False,2025-02-24T22:33:18.000Z,https://twitter.com/XVolatility/status/1894153657601724558,1894153657601724558,76.0,False,2025-02-26T20:58:34.820259
Separate_and_safe,Separate_and_safe,https://twitter.com/AndSeparate,The company shifts from a gig economy model to a tech-driven future with self-driving technology,,,False,False,2025-02-24T18:59:24.000Z,https://twitter.com/AndSeparate/status/1894099829988450351,1894099829988450351,13.0,False,2025-02-26T20:58:42.285619
Quality Investing with Aria,Quality Investing with Aria,https://twitter.com/QualityInvest5,"""oh no $UBERstock went up I missed it""

Meanwhile the P/FCF chart looks like this",,,True,False,2025-02-11T21:25:27.000Z,https://twitter.com/QualityInvest5/status/1889425541083656444,1889425541083656444,58000.0,False,2025-02-26T20:58:42.289607
Oliver | MMMT Wealth (CPA),Oliver | MMMT Wealth (CPA),https://twitter.com/MMMTwealth,"The PEG ratio is an incredible metric to look at.

Here's 10 quality companies with a PEG below 0.9x (undervalued) 

1. Uber | $UBERRevenue growth: 17.9%
PEG: 0.70x
Net income margin: 57.6%

Commentary: A lot of the sentiment around $UBER today is purely down to the AV",,,True,False,2025-02-16T14:40:39.000Z,https://twitter.com/MMMTwealth/status/1891135610045497809,1891135610045497809,268000.0,False,2025-02-26T20:58:42.294799
Yaseen Aslam,Yaseen Aslam,https://twitter.com/Yaseenaslam381,"#Uber drivers in Canada protest on Tuesday 28 Sept at 10.30am to 12.30pm Outside Uber Toronto Office, 1980 MATHESON BLVD, EAST, MISSISSAUGA, ON L4W 5N3

#UberStrike#UberToronto#UberProtest#Toronto#GigEconomy#workersrighthttps:///ADCUnion/status/1441791036779491338…","#Uber,#UberStrike,#UberToronto,#UberProtest,#Toronto,#GigEconomy,#workersright",https://x.com/ADCUnion/statu/ADCUnion/status/1441791036779491338…,False,False,2021-09-25T16:11:27.000Z,https://twitter.com/Yaseenaslam381/status/1441797507047038980,1441797507047038980,,False,2025-02-26T20:58:44.593191
DRIVE NOW Magazine,DRIVE NOW Magazine,https://twitter.com/drivenowmag,"Hundreds of taxis joined a protest in central Barcelona on Thursday to protest against the return of Uber which had pulled out of the city in 2019 following a dispute.

READ MORE: https:// <--
.
.
.
#barcelonataxi#taxi#taxidrivers#uber#ubernews#uberdriver#bar","#barcelonataxi,#taxi,#taxidrivers,#uber,#ubernews,#uberdriver,#bar",,True,False,2021-03-20T03:15:12.000Z,https://twitter.com/drivenowmag/status/1373110848999235590,1373110848999235590,,False,2025-02-26T20:58:44.594896
Stefanie Carillo,Stefanie Carillo,https://twitter.com/StefanieCarillo,"A protest means NOT GOING TO WORK. Not creating traffic. I’m in an #uber right now and this #uberprotest is dumb, unsafe and I’m glad the nypd are now getting involved. Not my fault ya’ll can’t organize enough to pull off a successful protest. FIGURE IT OUT","#uber,#uberprotest",,False,False,2019-09-17T13:22:25.000Z,https://twitter.com/StefanieCarillo/status/1173950334584184832,1173950334584184832,,False,2025-02-26T20:58:44.603936
Startup Domains,Startup Domains,https://twitter.com/RoyalPremiums,"Uber, Lyft drivers protest in cities across the U.S.
#UBERprotest#LyftProtesthttps://uber-lyft-strike-us-1.5127421…","#UBERprotest,#LyftProtest",,False,False,2019-05-08T17:51:25.000Z,https://twitter.com/RoyalPremiums/status/1126182831653367808,1126182831653367808,,False,2025-02-26T20:58:44.608606
Tracey nolls,Tracey nolls,https://twitter.com/NollsTracey,Live stream of protest. Uber drops drivers pay to $.60 a mile https://#uber#uberla#uberprotest,"#uber,#uberla,#uberprotest",,False,False,2019-03-25T19:17:48.000Z,https://twitter.com/NollsTracey/status/1110259506120933376,1110259506120933376,,False,2025-02-26T20:58:44.612451
Lorna Roberts plus model,Lorna Roberts plus model,https://twitter.com/lornaphotosnap,#blackfriarsroad + #blackfriarsbridge at standstill #uber#taxi drivers #protest#uberprotest#taxiprotest#tfl#news,"#blackfriarsroad,#blackfriarsbridge,#uber,#taxi,#protest,#uberprotest,#taxiprotest,#tfl,#news",,False,False,2019-01-14T11:55:38.000Z,https://twitter.com/lornaphotosnap/status/1084781081415610368,1084781081415610368,,False,2025-02-26T20:58:44.618792
Mumbai24News,Mumbai24News,https://twitter.com/mumbai24news,"Congress Mumbai Head @sanjaynirupam on Ola/ UberProtest at Azad Maidan | Mumbai | Maharashtra | India | 2018

Follow Mumbai24News on Youtube for more News & Updates...

#Ola#Uber#OlaProtest#UberProtest#Mumbai#News#breaking#breakingnews#India#Congress@INCMumbai #2018","#Ola,#Uber,#OlaProtest,#UberProtest,#Mumbai,#News,#breaking,#breakingnews,#India,#Congress","@sanjaynirupam,@INCMumbai",True,False,2018-11-03T16:57:49.000Z,https://twitter.com/mumbai24news/status/1058765199556009984,1058765199556009984,,False,2025-02-26T20:58:44.624395
Yaseen Aslam,Yaseen Aslam,https://twitter.com/Yaseenaslam381,"@JonCruddas_1Uber drivers going on strike in 3 different UK cities, in the first UK national strike in the sharing economy. 
Will you support & join drivers from your constituency who w protest outside Uber Aldgate at 1pm on 9th Oct?
#uberprotest#Ustrikehttps://tus/1048522939069603840…","#uberprotest,#Ustrike","@JonCruddas_1,https://x.com/united_phd/status/1048522939069603840…",False,False,2018-10-07T23:01:53.000Z,https://twitter.com/Yaseenaslam381/status/1049072347976749056,1049072347976749056,,False,2025-02-26T20:58:55.593526
Yaseen Aslam,Yaseen Aslam,https://twitter.com/Yaseenaslam381,"@FitzMP Uber drivers going on strike in 3 different UK cities, in the 'first UK national strike in the sharing economy' 

Will you support & join drivers from your constituency who will protest outside Uber Aldgate at 1pm on 9th Oct?

#uberprotest#Ustrikehttps://tus/1048522939069603840…","#uberprotest,#Ustrike",https://x.com/united_phd/status/1048522939069603840…,False,False,2018-10-07T22:52:56.000Z,https://twitter.com/Yaseenaslam381/status/1049070097451683850,1049070097451683850,,False,2025-02-26T20:58:55.599626
Yaseen Aslam,Yaseen Aslam,https://twitter.com/Yaseenaslam381,"@rushanaraaliUber drivers going on strike in 3 different UK cities, in the 'first UK national strike in the sharing economy' 

Will you support & join drivers from your constituency who protest outside Uber Aldgate at 1pm on 9th Oct?
#uberprotest#Ustrikehttps://tus/1048522939069603840…","#uberprotest,#Ustrike","@rushanaraali,https://x.com/united_phd/status/1048522939069603840…",False,False,2018-10-07T22:49:50.000Z,https://twitter.com/Yaseenaslam381/status/1049069316967157760,1049069316967157760,,False,2025-02-26T20:58:57.459522
Eboue #1 fan,Eboue #1 fan,https://twitter.com/tait_aaron,"Uber protesting outside Aldgate East tower, causing traffic and blocking roads #uber#protest#aldgateeast#uberprotest","#uber,#protest,#aldgateeast,#uberprotest",,True,False,2018-09-20T13:45:54.000Z,https://twitter.com/tait_aaron/status/1042771837720125441,1042771837720125441,,False,2025-02-26T20:58:57.464548
Jacaranda FM Traffic,Jacaranda FM Traffic,https://twitter.com/jaca_traffic,"PRETORIA  
      
UBER DRIVER PROTEST heading through through the Pretoria CBD. EXPECT DELAYS in the area. #UberProtest",#UberProtest,,False,False,2018-03-09T09:44:50.000Z,https://twitter.com/jaca_traffic/status/972045535719972864,972045535719972864,,False,2025-02-26T20:59:01.345069
IBTimes UK Business,IBTimes UK Business,https://twitter.com/IBTimesUKBiz,Another #Uber tussle: Drivers protest regulation of ride-sharing apps in #Brazilhttp://#Uberprotest,"#Uber,#Brazil,#Uberprotest",,False,False,2017-10-31T09:58:13.000Z,https://twitter.com/IBTimesUKBiz/status/925300871960940544,925300871960940544,,False,2025-02-26T20:59:01.345069
Philip Wigg,Philip Wigg,https://twitter.com/philipwigg,Where/when is the London Uberprotest going to be? #UberProtest#uber,"#UberProtest,#uber",,False,False,2017-09-22T10:38:48.000Z,https://twitter.com/philipwigg/status/911177958215307264,911177958215307264,,False,2025-02-26T20:59:01.345069
Yaseen Aslam,Yaseen Aslam,https://twitter.com/Yaseenaslam381,"Not long for 27th September protest ""End Precarious Labour"" organised by @IWGBunion & @United_PHD members Vs Uber kick off. #UberProtest",#UberProtest,"@IWGBunion,@United_PHD",True,False,2017-09-04T04:03:00.000Z,https://twitter.com/Yaseenaslam381/status/904555367929176065,904555367929176065,,False,2025-02-26T20:59:03.373527
Dinendra Haria,Dinendra Haria,https://twitter.com/Dinendra_Haria,"Making his point at today's cab drivers Uberprotest in Whitehall, London.
#uber#uberprotest… https://","#uber,#uberprotest",,False,False,2017-04-06T21:00:49.000Z,https://twitter.com/Dinendra_Haria/status/850090944275808256,850090944275808256,,False,2025-02-26T20:59:06.085508
OK Gift Store,OK Gift Store,https://twitter.com/okgiftstore,"""#SouthAfrica's taxis block roads to main airport in #Uberprotest#uberprotesthttp://s/idAFKBN16H0OY-OZATP…""","#SouthAfrica,#Uber,#uberprotest",,True,False,2017-03-10T15:26:05.000Z,https://twitter.com/okgiftstore/status/840222230659399680,840222230659399680,,False,2025-02-26T20:59:08.312540
#AfricaIsRising,#AfricaIsRising,https://twitter.com/Africa_IsRising,ReutersAfrica: #SouthAfrica's taxis block roads to main airport in #Uberprotest#uberprotest …,"#SouthAfrica,#Uber,#uberprotest",,True,False,2017-03-10T13:11:07.000Z,https://twitter.com/Africa_IsRising/status/840188265856696321,840188265856696321,,False,2025-02-26T20:59:13.831572
Africa24.it,Africa24.it,https://twitter.com/Africa24it,#South#Africa's taxis block roads to main airport in #Uberprotest#uberprotesthttps://http://,"#Uber,#uberprotest",https://pic.x.com/brih2fkDdh,True,False,2017-03-10T13:10:10.000Z,https://twitter.com/Africa24it/status/840188030132469760,840188030132469760,,False,2025-02-26T20:59:13.835580
Christa Eybers,Christa Eybers,https://twitter.com/ChristaEybers,#UberProtest Drivers here say other Uber drivers are afraid to join the protest because they don't want to be deactivated. CE,#UberProtest,,True,False,2017-03-10T07:53:47.000Z,https://twitter.com/ChristaEybers/status/840108405591224320,840108405591224320,,False,2025-02-26T20:59:17.879631
EWN Reporter,EWN Reporter,https://twitter.com/ewnreporter,#UberProtest Drivers here say other Uber drivers are afraid to join the protest because they don't want to be deactivated. CE,#UberProtest,,True,False,2017-03-10T07:52:12.000Z,https://twitter.com/ewnreporter/status/840108007224561668,840108007224561668,,False,2025-02-26T20:59:19.651884
POWER987News,POWER987News,https://twitter.com/POWER987News,"#UberProtest Drivers say they risk being deactivated for joining protest, outside Uber offices, today.",#UberProtest,,False,False,2017-03-10T07:36:05.000Z,https://twitter.com/POWER987News/status/840103955157807105,840103955157807105,,False,2025-02-26T20:59:23.434142
POWER987News,POWER987News,https://twitter.com/POWER987News,"#UberProtestUber drivers flagging down other Ubers, urging them to join protest in Parktown.",#UberProtest,,False,False,2017-03-10T07:32:17.000Z,https://twitter.com/POWER987News/status/840102997208133633,840102997208133633,,False,2025-02-26T20:59:23.434142
SporeLa News,SporeLa News,https://twitter.com/SingaporeLa,Rio comes to a standstill as #taxi#driversprotest#Uberhttp://st-global-news/3204-rio-comes-to-a-standstill-as-taxi-drivers-protest-uber…#uberProtest#ubered,"#taxi,#drivers,#Uber,#uberProtest,#ubered",,True,False,2016-04-03T13:38:39.000Z,https://twitter.com/SingaporeLa/status/716620933075570689,716620933075570689,,False,2025-02-26T20:59:23.434142
UPHD,UPHD,https://twitter.com/United_PHD,Statement from Jo Cox MP on Uber Leeds driver protesthttp://-jo-cox-mp-on-uber-leeds-driver-protest/…@Jo_Cox1#UberProtest#EnoughIsEnough,"#UberProtest,#EnoughIsEnough",@Jo_Cox1,False,False,2016-03-18T14:29:57.000Z,https://twitter.com/United_PHD/status/710835636694097921,710835636694097921,,False,2025-02-26T20:59:25.118574
Dave Craige,Dave Craige,https://twitter.com/davecraige,"Here is a #uberprotest video that most of the media missed. Check it out 

uber strike protest",#uberprotest,,True,False,2016-02-05T06:58:15.000Z,https://twitter.com/davecraige/status/695501674132037632,695501674132037632,,False,2025-02-26T20:59:28.159743
Yrants,Yrants,https://twitter.com/Yrantss,Uber Drivers Strike To Protest Company’s Fare Cuts http:// via #CBSNews#lyft#news#taxiprotest#UberProtest#uber,"#CBSNews,#lyft,#news,#taxiprotest,#UberProtest,#uber",,False,False,2016-02-02T15:01:54.000Z,https://twitter.com/Yrantss/status/694536224095236096,694536224095236096,,False,2025-02-26T20:59:31.120349
ZoominTV,ZoominTV,https://twitter.com/zoomintv_global,Taxi drivers furious at anti-#Uberprotest in Paris http://#UberProtest#Taxes,"#Uber,#UberProtest,#Taxes",,True,False,2016-01-27T21:00:23.000Z,https://twitter.com/zoomintv_global/status/692452113629089792,692452113629089792,,False,2025-02-26T20:59:31.123127
619 News Media,619 News Media,https://twitter.com/619NewsMedia,LIVE on #Periscope: #UberProtest#UberProtest in San Diego https://WGJueWFLZG58MVprS3pCWkJvQURLdt-wi9mUyJLMAVA2u68iw8MLJ6uBpTC2535VRu9zoIz6…,"#Periscope,#UberProtest,#Uber",,False,False,2016-01-16T00:19:30.000Z,https://twitter.com/619NewsMedia/status/688153567643840515,688153567643840515,,False,2025-02-26T20:59:34.004533
Protest Pin,Protest Pin,https://twitter.com/ProtestPin,"RT TheloniusPoon: Uberprotest today #uber#uberprotest#toronto#cityhall#protest @ Old City Hall Cenotaph, Toro… http://;","#uber,#uberprotest,#toronto,#cityhall,#protest",,False,False,2015-12-10T03:45:00.000Z,https://twitter.com/ProtestPin/status/674796933639221248,674796933639221248,,False,2025-02-26T20:59:34.008534
𝕊𝕒𝕞𝕦𝕖𝕝 𝕆𝕦𝕘𝕒,𝕊𝕒𝕞𝕦𝕖𝕝 𝕆𝕦𝕘𝕒,https://twitter.com/Ougasam,"Over 2,000 cab drivers converge in #Toronto to protest against taxi sharing app @Uber One of them here #uberprotest","#Toronto,#uberprotest",@Uber,True,False,2015-12-09T20:06:40.000Z,https://twitter.com/Ougasam/status/674681587703791617,674681587703791617,,False,2025-02-26T20:59:37.007343
Rational Gooner,Rational Gooner,https://twitter.com/YGKGooner,Cabs: Let's protestUber by slowing down and blocking major streets. People won't hate us. Makes sense. #uberprotest,#uberprotest,,False,False,2015-12-09T19:19:17.000Z,https://twitter.com/YGKGooner/status/674669663213735937,674669663213735937,,False,2025-02-26T20:59:41.105594
Kev,Kev,https://twitter.com/kebbin,Wow. University Ave downtown #Toronto is filled with angry taxis in a mass protest against #Uber. #YYZ#uberprotest,"#Toronto,#Uber,#YYZ,#uberprotest",,True,False,2015-12-09T18:27:35.000Z,https://twitter.com/kebbin/status/674656655221501952,674656655221501952,,False,2025-02-26T20:59:41.121355
Lisa,Lisa,https://twitter.com/YoungStreete,#taxi drivers  protest should be directed to #government who is over regulating them and not #uber drivers. #uberprotest#uber#TaxiDrivers,"#taxi,#government,#uber,#uberprotest,#uber,#TaxiDrivers",,False,False,2015-12-09T17:48:26.000Z,https://twitter.com/YoungStreete/status/674646802176548864,674646802176548864,,False,2025-02-26T20:59:44.631933
Notable Life,Notable Life,https://twitter.com/NotableCA,Right Now: #Toronto Taxis Are Causing Major Traffic Jams to ProtestUber#uberprotest#TO#traffichttp://,"#Toronto,#uberprotest,#TO,#traffic",,False,False,2015-12-09T15:25:48.000Z,https://twitter.com/NotableCA/status/674610907792699393,674610907792699393,,False,2025-02-26T20:59:55.440607
Christie Macpherson,Christie Macpherson,https://twitter.com/scentswchristie,Check out this gridlock #protest movement (or lack thereof)! A #TaxiDriver uprising #uberprotest Do you use Uber?,"#protest,#TaxiDriver,#uberprotest",,True,False,2015-12-09T15:11:56.000Z,https://twitter.com/scentswchristie/status/674607415648632832,674607415648632832,,False,2025-02-26T20:59:55.440607
Protest Pin,Protest Pin,https://twitter.com/ProtestPin,RT SaharActually: Massive #uberprotest @ Yonge & Harbour - so much noise! Will this win the public's favour? #toronto#Uber#protest,"#uberprotest,#toronto,#Uber,#protest",,False,False,2015-12-09T13:29:07.000Z,https://twitter.com/ProtestPin/status/674581542933544960,674581542933544960,,False,2025-02-26T20:59:55.455708
Sahar,Sahar,https://twitter.com/SaharActually,Massive #uberprotest @ Yonge & Harbour - so much noise! Will this win the public's favour? #toronto#Uber#protest,"#uberprotest,#toronto,#Uber,#protest",,True,False,2015-12-09T13:22:58.000Z,https://twitter.com/SaharActually/status/674579995537227777,674579995537227777,,False,2025-02-26T20:59:55.455708
Joana Ramiro,Joana Ramiro,https://twitter.com/JoanaRamiroUK,While some drivers protest a line of new drivers and drivers to be queues outside @Uber HQ in London #uberprotest,#uberprotest,@Uber,True,False,2015-11-12T12:52:41.000Z,https://twitter.com/JoanaRamiroUK/status/664787900115103744,664787900115103744,,False,2025-02-26T20:59:57.842813
Uber,Uber,https://twitter.com/Uber,And we’re LIVE. Let’s talk new sustainability features at #Uberhttp://9E…#GoGetZero,"#Uber,#GoGetZero",,True,False,2023-06-08T08:39:41.000Z,https://twitter.com/Uber/status/1666726680696635392,1666726680696635392,151000.0,False,2025-02-26T21:00:00.599157
Uber,Uber,https://twitter.com/Uber,"We’re charged up, are you? We’re going live at 9:30 AM BST for #GoGetZero! Meet our new sustainability features and see how it’s getting easier to go green with #Uberhttp://9E…","#GoGetZero,#Uber",,True,False,2023-06-08T08:03:37.000Z,https://twitter.com/Uber/status/1666717602352070658,1666717602352070658,161000.0,False,2025-02-26T21:00:00.605230
Uber,Uber,https://twitter.com/Uber,"Join us in London, our global capital of electrification, for #Uber’s first-ever sustainability product event  We’re making it easier to live a low-emissions lifestyle with new features you don’t want to miss!

#GoGetZero, June 8
Live on YouTube: http://","#Uber,#GoGetZero",,True,False,2023-06-07T10:01:43.000Z,https://twitter.com/Uber/status/1666384937400823809,1666384937400823809,147000.0,False,2025-02-26T21:00:00.610884
Uber,Uber,https://twitter.com/Uber,"True or False  Some passengers accidentally forgot their pet companions in their #Uber, including dogs, turtles, hamsters, and even a rat!",#Uber,,False,False,2023-04-27T16:50:19.000Z,https://twitter.com/Uber/status/1651629860706557957,1651629860706557957,1200.0,False,2025-02-26T21:00:00.618228
Uber,Uber,https://twitter.com/Uber,"'Tis the season of effortless gifting with Uber Gift Cards!  Send your friends and loved ones an Uber gift card through the #Uber app and treat them to rides, meals, or just about anything in a flash.",#Uber,,True,False,2022-12-23T16:04:24.000Z,https://twitter.com/Uber/status/1606319823427817472,1606319823427817472,48000.0,False,2025-02-26T21:00:05.730158
Uber Engineering,Uber Engineering,https://twitter.com/UberEng,"New blog! This article pulls back the curtain on novel aspects of Uber's Global Machine Learning Education Program, like content modules and delivery styles, as well as highlights key outcomes realized since the programs' incorporation in 2021.

https://t-uber-program-design-and-outcomes…#ML#Uber","#ML,#Uber",,False,False,2022-08-02T16:45:00.000Z,https://twitter.com/UberEng/status/1554508575032037376,1554508575032037376,,False,2025-02-26T21:00:12.083142
Uber,Uber,https://twitter.com/Uber,"Go Green and save with @Mastercard and #Uber

When you take a trip with Uber Green, e-bikes, or scooter rides, you can receive $2 off with your Mastercard and promo code GoGreen2022! Ends 4/30.",#Uber,@Mastercard,True,False,2022-04-23T17:05:06.000Z,https://twitter.com/Uber/status/1517912460627435520,1517912460627435520,,False,2025-02-26T21:00:13.817117
Uber Support,Uber Support,https://twitter.com/Uber_Support,"Hi There, so glad you want to order with us! To get your favourite food straight to your door, all you need to do is download #Uber Eats. Get the app for iOS http:// or for Android http://, then sign up in-app to order.",#Uber,,False,False,2022-04-15T18:07:50.000Z,https://twitter.com/Uber_Support/status/1515029145209782277,1515029145209782277,,False,2025-02-26T21:00:20.378988
Uber,Uber,https://twitter.com/Uber,"We seek to address 4 individual, societal, and environmental challenges with our #socialimpact work.

Next up: improving the safety of our communities. #Uber","#socialimpact,#Uber",,True,False,2022-03-22T15:30:58.000Z,https://twitter.com/Uber/status/1506292357897072657,1506292357897072657,,False,2025-02-26T21:00:23.576298
Uber,Uber,https://twitter.com/Uber,"We’re committed to improving safety for our communities 

Here's a snapshot of #Uber's work to support women globally, the brilliant organizations we partner with, and the positive impact our partnerships can have on people at risk. #SocialImpact#WomensHistoryMonth","#Uber,#SocialImpact,#WomensHistoryMonth",,True,False,2022-03-10T20:12:02.000Z,https://twitter.com/Uber/status/1502014438404149253,1502014438404149253,,False,2025-02-26T21:00:27.318463
Uber Engineering,Uber Engineering,https://twitter.com/UberEng,"Check out our new blog! Our Uber Engineers dive into how to use Apache Parquet fine-grained encryption to solve three challenges: encryption, access control, and data retention.

read more: https://e-birds-finer-grained-encryption-apache-parquet…#OpenSource#Apache#Data#Engineering#Uber#encryption","#OpenSource,#Apache,#Data,#Engineering,#Uber,#encryption",,False,False,2022-03-10T17:45:00.000Z,https://twitter.com/UberEng/status/1501977434530492420,1501977434530492420,,False,2025-02-26T21:00:35.350770
Uber Support,Uber Support,https://twitter.com/Uber_Support,"Hi there, so glad you want to order with us! To get your favourite food straight to your door, all you need to do is download #Uber Eats. Get the app for iOS http:// or for Android http://, then sign up in-app to order.",#Uber,,False,False,2021-07-07T22:03:35.000Z,https://twitter.com/Uber_Support/status/1412895093204324352,1412895093204324352,,False,2025-02-26T21:00:35.353832
Uber Support,Uber Support,https://twitter.com/Uber_Support,"Hi Nomaswazi, so glad you want to order with us! To get your favourite food straight to your door, all you need to do is download #Uber Eats. Get the app for iOS http:// or for Android http://, then sign up in-app to order.",#Uber,,False,False,2021-07-07T21:35:18.000Z,https://twitter.com/Uber_Support/status/1412887975642505221,1412887975642505221,,False,2025-02-26T21:00:38.549682
Uber Support,Uber Support,https://twitter.com/Uber_Support,"Hi there, track your fave food right to your door  Simply download #Uber Eats, sign up/sign in, add your address and choose whatever you’re craving. Get the app for iOS http:// or for Android http://.",#Uber,,False,False,2021-01-24T15:21:22.000Z,https://twitter.com/Uber_Support/status/1353362263348973569,1353362263348973569,,False,2025-02-26T21:00:41.152237
Uber Support,Uber Support,https://twitter.com/Uber_Support,"Hi Nkourcie, track your fave food right to your door  Simply download #Uber Eats, sign up/sign in, add your address and choose whatever you’re craving. Get the app for iOS http:// or for Android http://.",#Uber,,False,False,2020-11-25T23:20:22.000Z,https://twitter.com/Uber_Support/status/1331739535731007493,1331739535731007493,,False,2025-02-26T21:00:44.276124
Uber Support,Uber Support,https://twitter.com/Uber_Support,"We appreciate your situation, Stan. Placing an order is as easy as downloading #Uber Eats then signing up in-app to order",#Uber,,False,False,2020-08-18T02:05:22.000Z,https://twitter.com/Uber_Support/status/1295542273875353603,1295542273875353603,,False,2025-02-26T21:00:44.280299
Uber Support,Uber Support,https://twitter.com/Uber_Support,"Hi there, track your fave food right to your door  Simply download #Uber Eats, sign up/sign in, add your address and choose whatever you’re craving. Get the app for iOS http:// or for Android http://.",#Uber,,False,False,2020-05-10T21:00:12.000Z,https://twitter.com/Uber_Support/status/1259589074307944448,1259589074307944448,,False,2025-02-26T21:00:47.491880
Uber Support,Uber Support,https://twitter.com/Uber_Support,"Hi Zakhele, so glad you want to order with us! To get your favourite food straight to your door, all you need to do is download #Uber Eats via http:// and then sign up in-app to order.",#Uber,,False,False,2020-05-04T13:36:28.000Z,https://twitter.com/Uber_Support/status/1257303082003836928,1257303082003836928,,False,2025-02-26T21:00:47.495886
Uber,Uber,https://twitter.com/Uber,Wow! Sounds inspiring  One of our #Uber super duper heroes was at work today!,#Uber,,False,False,2020-01-15T12:00:17.000Z,https://twitter.com/Uber/status/1217416209534279680,1217416209534279680,,False,2025-02-26T21:00:47.496892
Uber Engineering,Uber Engineering,https://twitter.com/UberEng,We are so excited to sponsor this years Women in Product Conference! Please visit our booth or check out all the exciting opportunities at http://#WIP2018#Uber,"#WIP2018,#Uber",,True,False,2018-09-07T16:21:34.000Z,https://twitter.com/UberEng/status/1038099969138470912,1038099969138470912,,False,2025-02-26T21:00:53.706507
Uber Engineering,Uber Engineering,https://twitter.com/UberEng,Adopting the Next-Gen Internet Protocol: Deploying #IPv6 at #Uberhttps:// via @ubereng,"#IPv6,#Uber",@ubereng,False,False,2018-01-05T17:39:02.000Z,https://twitter.com/UberEng/status/949334438671826944,949334438671826944,,False,2025-02-26T21:00:53.722727
Uber Engineering,Uber Engineering,https://twitter.com/UberEng,T minus 3 days & counting! How #Uber Engineering prepares for the many millions of trips which will occur on #NYEhttps:// via @ubereng,"#Uber,#NYE",@ubereng,False,False,2017-12-28T23:18:39.000Z,https://twitter.com/UberEng/status/946520803088138240,946520803088138240,,False,2025-02-26T21:00:53.722727
Uber Engineering,Uber Engineering,https://twitter.com/UberEng,See #Uber's end-of-year #dataviz music video & see your own personalized version : http://2/uber-brings-back-its-end-year-data-visualisation-campaign-across-asia-pacific…@thedrum#data#YearWithUber,"#Uber,#dataviz,#data,#YearWithUber",@thedrum,False,False,2017-12-19T05:30:38.000Z,https://twitter.com/UberEng/status/942990535102312449,942990535102312449,,False,2025-02-26T21:00:53.735837
Uber Engineering,Uber Engineering,https://twitter.com/UberEng,Check out http:// for some cool #Uber data on how you rode in 2017! Music video  included. #YearWithUber,"#Uber,#YearWithUber",,False,False,2017-12-17T04:09:55.000Z,https://twitter.com/UberEng/status/942245445815844864,942245445815844864,,False,2025-02-26T21:00:57.319363
Uber Engineering,Uber Engineering,https://twitter.com/UberEng,ICYMI: how #Uber#engineered our #UberEATS Restaurant Manager #analytics dashboard w/ #Pinot: https://ager/…#data#dev#UberEng,"#Uber,#engineered,#UberEATS,#analytics,#Pinot,#data,#dev,#UberEng",,True,False,2017-10-06T17:07:01.000Z,https://twitter.com/UberEng/status/916349083710877696,916349083710877696,,False,2025-02-26T21:00:57.319363
Uber Engineering,Uber Engineering,https://twitter.com/UberEng,"Thanks to everyone who attended #Uber's #GHC events this week in #Orlando! For more on #UberEng, check out http://#LadyEng","#Uber,#GHC,#Orlando,#UberEng,#LadyEng",,True,False,2017-10-06T15:30:57.000Z,https://twitter.com/UberEng/status/916324909516775424,916324909516775424,,False,2025-02-26T21:00:59.279667
Uber Engineering,Uber Engineering,https://twitter.com/UberEng,#Uber#LadyEng members @chardane & Hao strike a pose during our #UberGHC17 mixer. Thanks to all for attending! #GHChttps://,"#Uber,#LadyEng,#UberGHC17,#GHC",@chardane,True,False,2017-10-05T23:46:36.000Z,https://twitter.com/UberEng/status/916087254635950080,916087254635950080,,False,2025-02-26T21:01:03.271709
Uber Engineering,Uber Engineering,https://twitter.com/UberEng,Thanks to everyone who attended #Uber's #LadyEng Breakfast this morning at #GHC17! #GHC#UberGHC17#WIT#UberEng,"#Uber,#LadyEng,#GHC17,#GHC,#UberGHC17,#WIT,#UberEng",,True,False,2017-10-05T20:02:32.000Z,https://twitter.com/UberEng/status/916030868837294080,916030868837294080,,False,2025-02-26T21:01:07.452615
